<?xml version="1.0"?>
<data grt_format="2.0">
  <value _ptr_="00000245F3A12680" type="list" content-type="object" content-struct-name="db.mgmt.Connection">
    <value type="object" struct-name="db.mgmt.Connection" id="{C5CA1BF5-012B-4828-8BD9-DE14109BD9A4}" struct-checksum="0x96ba47d8">
      <link type="object" struct-name="db.mgmt.Driver" key="driver">com.mysql.rdbms.mysql.driver.native</link>
      <value type="string" key="hostIdentifier">Mysql@localhost:3306</value>
      <value type="int" key="isDefault">1</value>
      <value _ptr_="00000245F5090550" type="dict" key="modules"/>
      <value _ptr_="00000245F5091B70" type="dict" key="parameterValues">
        <value type="int" key="OPT_READ_TIMEOUT">300</value>
        <value type="string" key="SQL_MODE"></value>
        <value type="string" key="hostName">localhost</value>
        <value type="int" key="lastConnected">1699185644</value>
        <value type="string" key="password"></value>
        <value type="int" key="port">3306</value>
        <value type="string" key="schema"></value>
        <value type="string" key="serverVersion">5.7.42-log</value>
        <value type="string" key="sslCA"></value>
        <value type="string" key="sslCert"></value>
        <value type="string" key="sslCipher"></value>
        <value type="string" key="sslKey"></value>
        <value type="int" key="useSSL">1</value>
        <value type="string" key="userName">root</value>
      </value>
      <value type="string" key="name">Local instance mysql</value>
      <link type="object" struct-name="GrtObject" key="owner">{C9E7D456-CD5C-413B-BF15-D82AFD61C894}</link>
    </value>
  </value>
</data>
